                  epoch,         train/box_loss,         train/cls_loss,         train/dfl_loss,   metrics/precision(B),      metrics/recall(B),       metrics/mAP50(B),    metrics/mAP50-95(B),           val/box_loss,           val/cls_loss,           val/dfl_loss,                 lr/pg0,                 lr/pg1,                 lr/pg2
                      1,                 1.5739,                 3.0427,                 1.8167,                0.00344,                0.73016,                0.11919,                0.04333,                 2.2735,                 4.4815,                 2.6295,             0.00031673,             0.00031673,             0.00031673
                      2,                 1.4485,                 2.5101,                 1.6814,                0.57063,                0.13889,                0.07133,                0.02845,                 2.0707,                 4.0153,                 2.5117,             0.00064369,             0.00064369,             0.00064369
